iter	Logloss
0	0.5676097728
1	0.5363650171
2	0.5255639089
3	0.5180206298
4	0.5131703954
5	0.504882919
6	0.5011136882
7	0.4979113773
8	0.4924165764
9	0.4874000538
