iter	Logloss
0	0.3600403309
1	0.2992448302
2	0.2845020913
3	0.2747409275
4	0.2680222105
5	0.2613762819
6	0.2579455801
7	0.2556531303
8	0.2503559124
9	0.2489349348
